name,group,module
-- =========================
-- SETTING PERMISSIONS
-- =========================
SAVE_USER,SETTING,BAR
VIEW_USER,SETTING,BAR
DELETE_USER,SETTING,BAR
ENABLE_OR_DISABLE_USER,SETTING,BAR
DELETE_BAR_USER,SETTING,BAR
ASSIGN_USER_ROLE,SETTING,BAR
ENABLE_OR_DISABLE_ACCOUNT,SETTING,BAR

SAVE_ROLE,SETTING,BAR
VIEW_ROLE,SETTING,BAR
DELETE_ROLE,SETTING,BAR
SAVE_PERMISSION,SETTING,BAR
VIEW_PERMISSION,SETTING,BAR

SAVE_BRANCH,SETTING,BAR
VIEW_BRANCH,SETTING,BAR
DELETE_BRANCH,SETTING,BAR
VIEW_ALL_BRANCHES,SETTING,BAR
VIEW_EXPIRING_BRANCHES,SETTING,BAR
MANAGE_SYSTEM_SETTINGS,SETTING,BAR
VIEW_COMMISSION_REPORT,SETTING,BAR
PAY_COMMISSION,SETTING,BAR


SAVE_COMMISSION,SETTING,BAR
VIEW_COMMISSION,SETTING,BAR
MANAGE_OTHER_COMMISSION,SETTING,BAR
DELETE_COMMISSION,SETTING,BAR

VIEW_TABLE_SIZE,SETTING,BAR

VIEW_PLATFORM_SETTING,SETTING,BAR
SAVE_PLATFORM_SETTING,SETTING,BAR

SAVE_REGION,SETTING,BAR
DELETE_REGION,SETTING,BAR

VIEW_PAYMENTS,SETTING,BAR
RECONCILE_PAYMENTS,SETTING,BAR

VIEW_AUDIT_LOG,SETTING,BAR
PURGE_AUDIT_LOG,SETTING,BAR

VIEW_ERROR_LOG,SETTING,BAR
DELETE_ERROR_LOG,SETTING,BAR



-- =========================
-- SERVICE PERMISSIONS
-- =========================

SAVE_SERVICE,SERVICE,BAR
VIEW_SERVICE,SERVICE,BAR
DELETE_SERVICE,SERVICE,BAR


-- =========================
-- STAFF PERMISSIONS
-- =========================

VIEW_STAFF,STAFF,BAR
SAVE_STAFF,STAFF,BAR
DELETE_STAFF,STAFF,BAR


-- =========================
-- SALES PERMISSIONS
-- =========================

SAVE_SALES,SALES,BAR
VIEW_SALES,SALES,BAR
DELETE_SALES,SALES,BAR
RECEIVE_ORDERS,SALES,BAR
COUNTER_SELL,SALES,BAR


-- =========================
-- REPORT PERMISSIONS
-- =========================

VIEW_REPORT,REPORT,BAR
PAY_STAFF,REPORT,BAR
SAVE_EXPENSES,REPORT,BAR
VIEW_EXPENSES,REPORT,BAR
SAVE_STOCK_AND_PURCHASE,REPORT,BAR
VIEW_STOCK_AND_PURCHASE,REPORT,BAR


-- =========================
-- STORE PERMISSIONS
-- =========================

SAVE_STORE,STORE,BAR
VIEW_STORE,STORE,BAR
DELETE_STORE,STORE,BAR
VIEW_BRANCH_MESSAGE,ADMIN,BAR
REPLY_BRANCH_MESSAGE,ADMIN,BAR
MANAGE_GUIDANCE,ADMIN,BAR
